Tip Matrice,Nr threads,Timp executie
,4,0
,4,54.93656
,10,49.8483
,4,38.56174
,7,0
,1,0
,1,39.19284
,4,130.30389
,4,127.82724
,4,174.61801
,6,141.3617
,8,150.68432
,8,142.02083
,1,30.60865
,4,132.9319
,6,138.11647
,8,133.42996
,4,101.30252
,4,55.29558
,4,57.15088
