Tip Matrice,Nr threads,Timp executie
,4,0
,4,0
,4,0
,4,0
,4,0
,4,0
,1,0
,1,0.05431
,1,0.05434
,4,1.60328
,4,1.99019
,1,88.4006
,1,81.62894
,2,58.50882
,4,42.94364
,8,45.62096
,16,79.93695
,16,76.91551
,8,47.73258
,1,32.93158
,1,37.66228
,2,49.49241
,4,52.96885
,8,72.39271
,8,66.25325
,4,57.64417
,16,94.67041
,1,22.57198
,1,18.6589
,2,18.63336
,4,22.75454
,8,35.32658
,16,60.21252
