Tip Matrice,Nr threads,Timp executie
,16,3.87901
,4,2.45393
,4,2.3107299
,1,158.2756703
,1,159.2371401
,2,109.2340499
,1,161.39967
,2,108.5462301
,4,98.71867
,4,84.61667
,8,122.2033497
,8,126.82411
,16,143.6893702
,1,92.19518
,1,47.5755404
,2,72.4381499
,4,87.76024
,8,97.8193302
,16,111.2936102
,1,31.59169
,2,33.5182399
,4,35.71984
,8,46.3571601
,16,79.91821
,1,55.1267096
,2,68.4091998
,4,87.6028901
,8,103.8886998
,16,134.99055
,16,220.34828
,1,195.94491
,1,249.27129
,16,153.78912
